{"cameraMode":{"drawMode":0,"name":"Shaded","section":"Shading Mode"},"sceneLighting":true,"audioPlay":false,"sceneViewState":{"showFog":true,"showMaterialUpdate":false,"showSkybox":true,"showFlares":true,"showImageEffects":true,"showParticleSystems":true},"in2DMode":false,"pivot":{"x":455.7064208984375,"y":21.212326049804689,"z":234.29562377929688},"rotation":{"x":-0.0021997038275003435,"y":-0.9844290614128113,"z":0.17547638714313508,"w":-0.01219159085303545},"size":501.8360900878906,"orthographic":true}