{"cameraMode":{"drawMode":0,"name":"Shaded","section":"Shading Mode"},"sceneLighting":true,"audioPlay":false,"sceneViewState":{"showFog":true,"showMaterialUpdate":false,"showSkybox":true,"showFlares":true,"showImageEffects":true,"showParticleSystems":true},"in2DMode":false,"pivot":{"x":316.91351318359377,"y":237.896240234375,"z":141.200927734375},"rotation":{"x":0.11965756118297577,"y":0.3031127452850342,"z":-0.03839559853076935,"w":0.9446330070495606},"size":486.665771484375,"orthographic":true}