{"cameraMode":{"drawMode":0,"name":"Shaded","section":"Shading Mode"},"sceneLighting":true,"audioPlay":false,"sceneViewState":{"showFog":true,"showMaterialUpdate":false,"showSkybox":true,"showFlares":true,"showImageEffects":true,"showParticleSystems":true},"in2DMode":false,"pivot":{"x":450.0398864746094,"y":-169.97833251953126,"z":387.5419006347656},"rotation":{"x":0.027301305904984475,"y":-0.8817152976989746,"z":0.4683676064014435,"w":0.05090569704771042},"size":608.4384155273438,"orthographic":false}