{"cameraMode":{"drawMode":0,"name":"Shaded","section":"Shading Mode"},"sceneLighting":true,"audioPlay":false,"sceneViewState":{"showFog":true,"showMaterialUpdate":false,"showSkybox":true,"showFlares":true,"showImageEffects":true,"showParticleSystems":true},"in2DMode":false,"pivot":{"x":296.8998107910156,"y":-24.275985717773439,"z":256.82452392578127},"rotation":{"x":-0.3170115351676941,"y":-0.10876288264989853,"z":0.036860913038253787,"w":-0.941508948802948},"size":488.537841796875,"orthographic":false}