{"cameraMode":{"drawMode":0,"name":"Shaded","section":"Shading Mode"},"sceneLighting":true,"audioPlay":false,"sceneViewState":{"showFog":true,"showMaterialUpdate":false,"showSkybox":true,"showFlares":true,"showImageEffects":true,"showParticleSystems":true},"in2DMode":false,"pivot":{"x":67.63493347167969,"y":3.921752452850342,"z":116.80436706542969},"rotation":{"x":0.15495242178440095,"y":-0.7166193127632141,"z":0.16854819655418397,"w":0.6588172912597656},"size":373.8620910644531,"orthographic":true}