{"cameraMode":{"drawMode":0,"name":"Shaded","section":"Shading Mode"},"sceneLighting":false,"audioPlay":false,"sceneViewState":{"showFog":true,"showMaterialUpdate":false,"showSkybox":true,"showFlares":true,"showImageEffects":true,"showParticleSystems":true},"in2DMode":false,"pivot":{"x":378.6550598144531,"y":191.011474609375,"z":267.479736328125},"rotation":{"x":0.03519079461693764,"y":0.20715731382369996,"z":-0.0075626191683113579,"w":0.9776869416236877},"size":547.489990234375,"orthographic":true}